{
  "version": "2023.1",
  "applications": [],
  "platforms": [
    {
      "name": "Ethernet_test"
    }
  ],
  "systems": [
    {
      "name": "DMA_2_ethernet_test_system",
      "platform": "C:/Users/a/Desktop/GPS_work/Ethernet_test/export/Ethernet_test/Ethernet_test.xpfm",
      "sysConfig": "Ethernet_test",
      "buildConfig": "Debug",
      "applications": [
        {
          "name": "DMA_2_ethernet_test",
          "platform": "C:/Users/a/Desktop/GPS_work/Ethernet_test/export/Ethernet_test/Ethernet_test.xpfm",
          "platformPath": "C:\\Users\\a\\Desktop\\GPS_work\\Ethernet_test\\export\\Ethernet_test",
          "sysConfig": "Ethernet_test",
          "domain": "freertos10_xilinx_ps7_cortexa9_0",
          "system": "DMA_2_ethernet_test_system"
        }
      ],
      "platformPath": "C:\\Users\\a\\Desktop\\GPS_work\\Ethernet_test\\export\\Ethernet_test"
    }
  ],
  "others": []
}